page_video_repeat_views,page_video_views_unique,page_video_views_click_to_play,page_video_views_autoplayed,page_video_views_organic,page_video_views,page_consumptions_unique,page_consumptions,page_engaged_users,page_posts_impressions_viral_unique,page_posts_impressions_viral,page_posts_impressions_organic_unique,page_posts_impressions_organic,page_posts_impressions_unique,page_posts_impressions,page_impressions_viral_unique,page_impressions_viral,page_impressions_organic_unique,page_impressions_organic,page_impressions_unique,page_impressions,page_views_logout,page_views_login_unique,page_views_login,page_views_unique,page_views,Date,Pageid,Pagename,page_video_complete_views_30s_unique,page_video_complete_views_30s_click_to_play,page_video_complete_views_30s_organic,page_video_complete_views_30s,page_fan_removes_unique,page_fan_removes,page_video_complete_views_30s_repeat_views,page_video_complete_views_30s_autoplayed,page_fan_adds_unique,page_fan_adds,page_negative_feedback_unique,page_negative_feedback,page_video_complete_views_30s_paid,page_video_views_paid,page_posts_impressions_paid_unique,page_posts_impressions_paid,page_impressions_paid_unique,page_impressions_paid,page_places_checkin_total_unique,page_places_checkin_total
56,148,8,196,204,204,1703,1703,1985,3907,5804,71194,130633,115275,181591,13731,19930,81843,144885,125262,196129,53,440,286,684,684,5/1/18,1.40326E+11,Bass Pro Shops,38,6,38,38,368,371,7,32,276,274,40,47,,,39066,50958,39066,50958,,
27,155,14,168,182,182,2128,2128,2267,3808,6028,85125,211458,133857,279392,11155,17368,91132,222824,141485,291029,60,375,271,623,623,5/2/18,1.40326E+11,Bass Pro Shops,45,10,45,45,415,416,4,35,302,295,47,65,,,48052,67934,48052,67934,,
47,138,15,170,185,185,1406,1406,1438,2408,3341,31097,61997,75509,125417,14959,21987,43697,80643,89716,144324,58,403,261,617,617,5/3/18,1.40326E+11,Bass Pro Shops,39,10,39,39,380,377,4,29,275,273,40,62,,,44335,63420,44335,63420,,
1679,21690,1238,22131,23369,23369,6346,6346,5240,33266,45494,99809,159357,147001,226260,35565,49095,102262,162958,149818,230170,69,533,309,740,740,5/4/18,1.40326E+11,Bass Pro Shops,3135,439,3135,3135,406,415,112,2696,275,277,53,82,,,47395,66903,47395,66903,,
169,3274,84,3359,3443,3443,1960,1960,1925,8424,10924,74032,117904,115403,174715,9775,13025,75609,120007,117107,177013,58,459,195,588,588,5/5/18,1.40326E+11,Bass Pro Shops,245,39,245,245,409,412,,206,269,276,30,33,,,40132,56811,40132,56811,,
166,1630,35,1761,1796,1796,1864,1864,1953,4775,6435,87300,139476,129305,199103,14917,21617,96612,154768,138729,214642,66,484,247,774,774,5/6/18,1.40326E+11,Bass Pro Shops,146,18,146,146,425,432,12,128,337,335,33,37,,,41403,59627,41403,59627,,
391,6792,91,7092,7183,7183,3157,3157,2976,5405,7289,108914,170286,148278,227827,16580,25020,123679,188047,164785,245844,73,414,255,662,662,5/7/18,1.40326E+11,Bass Pro Shops,753,63,753,753,404,399,22,690,293,292,55,63,,,40091,57541,40091,57541,,
902,11723,854,11771,12625,12625,3410,3410,4434,4616,5917,90602,152508,129635,208288,16815,23209,102674,169820,140553,225890,51,515,290,771,771,5/8/18,1.40326E+11,Bass Pro Shops,1479,170,1479,1479,444,441,49,1309,295,289,46,53,,,38035,55780,38035,55780,,
163,3329,47,3445,3492,3492,1716,1716,3455,2301,2920,54618,89648,91406,142590,14598,22132,67861,108862,105114,162069,76,420,265,724,724,5/9/18,1.40326E+11,Bass Pro Shops,261,21,261,261,409,404,23,240,295,291,28,37,,,34587,52942,34587,52942,,
290,16141,815,15616,1422,16431,4219,4219,4806,4039,5806,37763,55531,318039,390342,27063,40204,59391,89929,342233,424985,45,446,245,702,702,5/10/18,1.40326E+11,Bass Pro Shops,2357,415,181,2357,454,458,13,1942,312,312,20,22,2176,15009,287981,334811,287981,334811,,
,33508,1273,31390,21236,32663,4651,4651,4460,4816,6816,109146,236541,273029,440507,8949,12924,112071,242670,276176,446958,58,526,322,758,758,5/11/18,1.40326E+11,Bass Pro Shops,4637,550,3058,4637,507,519,86,4087,315,320,69,91,1579,11427,177758,203966,177758,203966,,
4532,45046,1258,48320,38470,49578,5499,5499,5509,53755,71147,135754,247529,322661,459727,55762,74847,137465,251232,323571,463691,54,600,261,897,897,5/12/18,1.40326E+11,Bass Pro Shops,5767,519,4246,5767,469,459,21,5248,352,358,65,75,1521,11108,193409,212198,193409,212198,,
2349,30880,945,32284,20578,33229,3847,3847,3968,25543,32914,94264,158773,309137,405001,26762,34897,95573,160756,309818,407208,100,588,224,929,929,5/13/18,1.40326E+11,Bass Pro Shops,3750,470,2071,3750,402,412,,3280,352,354,38,46,1679,12651,223865,246228,223865,246228,,
1237,44872,1489,44620,26413,46109,6285,6285,5997,14391,19525,110320,204862,412198,594377,19455,26894,114145,212231,416012,602045,61,592,299,1134,1134,5/14/18,1.40326E+11,Bass Pro Shops,5251,721,2489,5251,353,356,282,4530,330,334,68,90,2762,19696,325506,389515,325506,389515,,
1557,19699,1306,19950,5075,21256,5995,5995,6022,7073,9757,60473,91193,387785,510174,34449,51779,87185,133215,412880,552456,52,468,260,730,730,5/15/18,1.40326E+11,Bass Pro Shops,2784,612,427,2784,349,350,58,2172,288,292,46,49,2357,16181,342705,418981,342705,418981,,
448,15419,1393,14474,1791,15867,5526,5526,5865,4469,6455,79106,138922,384362,537858,17073,26378,90165,158847,392244,558030,74,429,247,675,675,5/16/18,1.40326E+11,Bass Pro Shops,2340,663,172,2340,392,385,30,1677,298,291,42,47,2168,14076,321906,398936,321906,398936,,
707,14338,1408,13637,1463,15045,4491,4491,5049,4626,6356,58441,94590,357195,467138,23813,35404,75923,123638,378538,496494,83,478,308,832,832,5/17/18,1.40326E+11,Bass Pro Shops,2254,648,169,2254,393,392,35,1606,300,298,26,33,2085,13582,307107,372548,307107,372548,,
,15847,1344,13821,774,15165,3636,3636,3934,4655,6076,35347,53615,363731,444014,9165,13580,40472,61119,369548,451774,68,389,256,643,643,5/18/18,1.40326E+11,Bass Pro Shops,2267,635,86,2267,373,369,,1632,299,301,28,31,2181,14391,332919,390399,332919,390399,,
31,16064,1335,14760,519,16095,3606,3606,3941,3090,4019,12147,20624,398600,489320,6126,8632,15091,25237,402277,494159,74,409,226,643,643,5/19/18,1.40326E+11,Bass Pro Shops,2321,596,75,2321,327,320,23,1725,307,307,13,14,2246,15576,388473,468696,388473,468696,,
392,14721,1259,13854,410,15113,4096,4096,4541,3624,4869,96032,130491,446946,592952,5750,8701,99312,134325,450654,597022,77,484,236,734,734,5/20/18,1.40326E+11,Bass Pro Shops,2193,563,46,2193,381,383,,1630,302,305,39,41,2147,14703,378642,462461,378642,462461,,
625,15294,1025,14894,388,15919,5004,5004,5339,3720,5215,93539,185177,428081,618287,11691,18243,101351,198272,437360,631696,68,534,314,860,860,5/21/18,1.40326E+11,Bass Pro Shops,2312,481,50,2312,361,362,99,1831,305,299,50,60,2262,15531,359775,433110,359775,433110,,
366,14525,915,13976,678,14891,4403,4403,4541,4332,5491,64494,111421,376479,484583,25478,40927,87657,146952,399605,520341,46,420,227,617,617,5/22/18,1.40326E+11,Bass Pro Shops,2212,395,140,2212,319,326,,1817,313,312,49,58,2072,14213,319035,373162,319035,373162,,
471,16235,925,15781,752,16706,4135,4135,4734,15691,21311,59475,100069,359656,464079,25262,35579,69966,114385,371161,480161,1200,1684,1766,3889,3889,5/23/18,1.40326E+11,Bass Pro Shops,2429,442,135,2429,343,349,,1987,702,693,31,39,2294,15954,304783,364010,304783,364010,,
156,15659,926,14889,396,15815,3135,3135,3466,6113,8177,33052,51641,344551,420180,14922,21862,42488,65326,351651,434286,162,517,421,960,960,5/24/18,1.40326E+11,Bass Pro Shops,2314,445,71,2314,342,344,,1869,300,300,14,15,2243,15419,312659,368539,312659,368539,,
411,15451,760,15102,441,15862,2672,2672,2929,4235,5552,31021,49549,347894,415209,6120,8365,33663,52363,350912,418306,113,461,283,725,725,5/25/18,1.40326E+11,Bass Pro Shops,2228,347,87,2228,331,342,,1881,283,281,15,15,2141,15421,320643,365660,320643,365660,,
,16293,898,15304,348,16202,2908,2908,3103,3407,4660,50874,77964,356716,457224,4569,6470,52254,79774,357457,459259,121,436,225,714,714,5/26/18,1.40326E+11,Bass Pro Shops,2354,429,57,2354,322,325,81,1925,312,308,21,25,2297,15854,318552,379260,318552,379260,,
238,14292,828,13702,304,14530,2644,2644,3041,3178,4538,38656,61572,298681,352671,3996,5951,39226,62987,299664,354357,115,579,271,867,867,5/27/18,1.40326E+11,Bass Pro Shops,2140,422,50,2140,335,329,,1718,312,308,17,19,2090,14226,265505,291099,265505,291099,,
320,8542,466,8396,236,8862,2011,2011,2164,3795,5524,56005,96283,152771,203516,6579,9578,58263,100337,155623,207846,130,516,276,813,813,5/28/18,1.40326E+11,Bass Pro Shops,1276,238,29,1276,293,298,22,1038,333,339,30,38,1247,8626,102415,107233,102415,107233,,
1594,17917,1178,18333,19500,19511,3611,3611,3450,3961,5540,120325,268000,120325,268000,12635,18277,132162,280737,132252,281138,94,520,401,911,911,5/29/18,1.40326E+11,Bass Pro Shops,2419,269,2417,2419,295,302,128,2150,312,307,87,103,2,11,,,,,,
3606,29938,1486,32058,33544,33544,7704,7704,5725,7986,10858,129121,311933,129121,311933,12157,16520,133654,317595,133871,317931,100,411,336,761,761,5/30/18,1.40326E+11,Bass Pro Shops,21407,1372,21407,21407,320,319,922,20035,269,271,77,113,,,,,,,,
829,14236,1028,14037,15065,15065,4380,4380,3648,7109,9961,111570,216366,111570,216366,10227,14994,114437,221399,114437,221711,74,448,312,761,761,5/31/18,1.40326E+11,Bass Pro Shops,10635,958,10635,10635,400,393,163,9677,320,314,61,74,,,,,,,,
1302,43382,2743,41941,3749,44684,17092,17092,16587,21530,28365,142183,273802,574302,810546,31284,41324,154298,286815,582171,823873,52,723,314,1032,1032,6/1/18,1.40326E+11,Bass Pro Shops,12017,1098,2436,12017,401,405,106,10919,453,455,84,98,9581,40935,454562,536744,454562,536744,,
2200,76700,5559,73341,2629,78900,88970,88970,53798,19990,27480,115158,199835,842408,1143694,23384,32355,117980,204825,843290,1148954,95,743,270,1048,1048,6/2/18,1.40326E+11,Bass Pro Shops,18741,1556,1622,18741,403,415,8,17185,525,526,53,57,17119,76271,756294,943859,756294,943859,,
3438,76187,4999,74626,1479,79625,95625,95625,53980,7378,9786,116100,207338,948404,1251378,10074,14083,118520,211704,950442,1256122,102,903,378,1294,1294,6/3/18,1.40326E+11,Bass Pro Shops,17938,1415,871,17938,373,380,,16523,568,555,51,63,17067,78146,870765,1044040,870765,1044040,,
,113570,7865,105111,802,112976,40865,40865,34950,7812,10018,56720,94734,1189539,1522703,20609,29168,69033,113892,1200391,1542192,95,695,331,1082,1082,6/4/18,1.40326E+11,Bass Pro Shops,23849,2546,239,23849,309,309,213,21303,584,588,43,58,23610,112174,1144925,1427969,1144925,1427969,,
12199,83034,7708,87525,28374,95233,29153,29153,26202,12012,16221,84315,177173,916082,1178642,37922,52195,111082,213149,933534,1214958,60,697,340,985,985,6/5/18,1.40326E+11,Bass Pro Shops,17635,3016,3963,17635,316,321,500,14619,375,386,60,88,13672,66859,843381,1001469,843381,1001469,,
5278,108217,12161,101334,11324,113495,72255,72255,62290,10673,13859,97075,174715,1233848,1581788,14802,20085,100983,180944,1240025,1588382,57,804,365,1072,1072,6/6/18,1.40326E+11,Bass Pro Shops,21768,2862,1662,21768,315,311,313,18906,522,515,58,82,20106,102171,1159529,1407073,1159529,1407073,,
3451,101420,9966,94905,3995,104871,59675,59675,52617,10504,13999,51210,81353,1188071,1497355,12863,17682,53530,85073,1188071,1501366,72,843,291,1090,1090,6/7/18,1.40326E+11,Bass Pro Shops,21174,2362,697,21174,348,349,,18812,544,537,28,35,20477,100876,1128788,1416002,1128788,1416002,,
3001,93969,8259,88711,2661,96970,52587,52587,43232,10488,14362,81108,122315,1148803,1508190,14621,24733,84727,132834,1150938,1519087,87,963,378,1307,1307,6/8/18,1.40326E+11,Bass Pro Shops,19382,1929,431,19382,343,346,71,17453,480,479,36,37,18951,94309,1095997,1385875,1095997,1385875,,
4526,99496,11137,92885,2127,104022,69025,69025,58097,10723,13639,86346,137517,1234062,1593014,15042,22540,91005,146509,1239496,1602364,122,974,358,1295,1295,6/9/18,1.40326E+11,Bass Pro Shops,20302,2049,428,20302,309,313,231,18253,571,572,25,28,19874,101895,1163367,1455497,1163367,1455497,,
2639,106858,9348,100149,1611,109497,60053,60053,50212,10921,14543,125379,193045,1299743,1708855,32329,47090,144816,225720,1310834,1741913,82,1036,383,1309,1309,6/10/18,1.40326E+11,Bass Pro Shops,22027,1977,304,22027,341,341,23,20050,628,632,53,56,21723,107886,1224045,1515810,1224045,1515810,,
2119,103911,12377,93653,1426,106030,69694,69694,61718,9764,12221,50882,71273,1227273,1551326,20761,29445,60610,88556,1238301,1568909,76,749,300,1096,1096,6/11/18,1.40326E+11,Bass Pro Shops,20150,2268,277,20150,295,297,298,17882,489,490,17,18,19873,104604,1173351,1480053,1173351,1480053,,
1837,101952,9223,94566,1291,103789,48337,48337,42338,7755,10443,15210,23493,1214247,1455491,19789,28123,27152,41179,1224693,1473415,81,546,238,859,859,6/12/18,1.40326E+11,Bass Pro Shops,19584,2034,241,19584,264,268,195,17550,406,404,7,7,19343,102498,1194863,1431998,1194863,1431998,,
4120,86192,8965,81347,1201,90312,49606,49606,40894,10540,13266,58394,75490,1067267,1281971,17674,24722,64919,86948,1072094,1293719,63,661,290,914,914,6/13/18,1.40326E+11,Bass Pro Shops,17391,1942,235,17391,380,377,473,15449,377,382,10,10,17156,89111,1002663,1206481,1002663,1206481,,
253,142405,8947,133711,1353,142658,51049,51049,43634,18940,23906,43587,58286,1392957,1626867,22213,28487,46845,62871,1398936,1631763,63,631,311,959,959,6/14/18,1.40326E+11,Bass Pro Shops,26607,1998,244,26607,440,444,541,24609,412,401,9,10,26363,141305,1351227,1568581,1351227,1568581,,
3361,181597,12105,172853,1583,184958,68119,68119,61654,9888,12343,16433,25447,1967561,2286677,12019,15624,18699,28730,1969986,2290299,80,820,339,1084,1084,6/15/18,1.40326E+11,Bass Pro Shops,34571,2670,275,34571,348,353,1816,31901,373,374,8,12,34296,183375,1958189,2261230,1958189,2261230,,
8475,144023,17420,135078,58001,152498,107480,107480,86985,25535,34092,190631,276340,1205842,1623466,30823,42747,194672,285130,1209433,1632632,86,1033,376,1334,1334,6/16/18,1.40326E+11,Bass Pro Shops,23689,3264,6188,23689,375,380,825,20425,469,458,70,77,17501,94497,1066345,1347126,1066345,1347126,,
755,22237,834,22158,18230,22992,5142,5142,5451,18871,24861,140042,217782,172802,252665,26408,36836,146855,229973,179605,265157,99,611,301,922,922,6/17/18,1.40326E+11,Bass Pro Shops,3113,306,2102,3113,371,371,,2807,344,342,68,79,1011,4762,34622,34883,34622,34883,,
233,7346,76,7503,7577,7579,2353,2353,2525,11474,15233,131441,257478,131441,257478,16358,22419,136146,264751,136158,265008,91,508,257,798,798,6/18/18,1.40326E+11,Bass Pro Shops,914,48,913,914,326,328,36,866,283,288,69,84,1,2,,,,,,
18,2678,33,2663,2696,2696,1948,1948,2285,8331,10597,110040,171989,110040,171989,13295,18712,114211,180339,114211,180671,72,440,332,676,676,6/19/18,1.40326E+11,Bass Pro Shops,313,21,313,313,290,296,5,292,280,286,58,60,,,,,,,,
51,1168,22,1197,1219,1219,1198,1198,1446,5422,7060,52285,75465,52285,75465,11118,16053,58241,84513,58303,84818,84,308,305,1438,1438,6/20/18,1.40326E+11,Bass Pro Shops,154,16,154,154,323,319,3,138,284,283,34,37,,,,,,,,
39,434,18,455,473,473,2085,2085,2497,4891,6750,93120,223555,105085,235100,19428,31117,107415,248985,119018,260861,61,448,331,1212,1212,6/21/18,1.40326E+11,Bass Pro Shops,65,12,65,65,346,347,5,53,268,268,52,67,,,11477,11545,11477,11545,,
34,258,9,283,292,292,3280,3280,3407,5934,7785,93511,190222,220195,350200,20554,31103,108340,213821,233075,374116,100,419,317,1366,1366,6/22/18,1.40326E+11,Bass Pro Shops,50,5,50,50,307,310,2,45,393,382,56,65,,,133277,159978,133277,159978,,
34,209,10,233,243,243,2581,2581,2623,4053,5398,44814,78321,187274,262866,7667,10339,48561,83387,190546,268246,84,515,314,1453,1453,6/23/18,1.40326E+11,Bass Pro Shops,36,6,36,36,319,326,,30,353,356,28,29,,,143907,184545,143907,184545,,
190,10523,103,10610,10713,10713,3596,3596,3702,5161,6742,119484,237217,241273,398104,6981,9611,120739,240136,242501,401347,118,468,324,1339,1339,6/24/18,1.40326E+11,Bass Pro Shops,794,62,794,794,313,325,,732,407,400,54,60,,,133185,160887,133185,160887,,
130,4434,67,4497,4564,4564,2585,2585,2719,5929,7842,57128,92924,214071,294375,18931,26781,69034,111866,225414,313680,62,363,363,1409,1409,6/25/18,1.40326E+11,Bass Pro Shops,404,43,404,404,330,331,4,361,346,344,21,21,,,165457,201451,165457,201451,,
51,974,24,1001,1025,1025,3375,3375,3381,4135,5386,81511,116960,219920,302890,25637,38903,104635,150483,240607,336692,49,383,279,648,648,6/26/18,1.40326E+11,Bass Pro Shops,122,15,122,122,308,316,8,107,323,324,43,44,,,145422,185930,145422,185930,,
1255,11643,211,12687,12898,12898,6446,6446,5556,3402,4692,87645,146119,232302,346678,25640,42079,107905,183510,250929,384386,56,377,317,1075,1075,6/27/18,1.40326E+11,Bass Pro Shops,1338,113,1338,1338,295,289,41,1225,340,346,40,44,,,158189,200559,158189,200559,,
136,5985,131,5990,6121,6121,2360,2360,2196,3504,4594,44852,65568,98403,123852,20344,32373,61207,93347,115325,151924,61,288,293,1088,1088,6/28/18,1.40326E+11,Bass Pro Shops,703,87,703,703,294,286,8,616,316,325,17,17,,,55137,58284,55137,58284,,
114,1292,37,1369,1406,1406,1021,1021,1314,2363,3017,68068,96642,68068,96642,13946,24433,80921,118058,81065,118355,96,380,297,587,587,6/29/18,1.40326E+11,Bass Pro Shops,168,18,168,168,330,334,12,150,273,270,34,34,,,,,,,,
68,583,13,638,651,651,746,746,967,1460,1962,25262,35609,25262,35609,12636,19570,36648,53218,36679,53421,78,315,203,497,497,6/30/18,1.40326E+11,Bass Pro Shops,87,7,87,87,312,311,12,80,285,276,13,14,,,,,,,,
73,560,24,609,633,633,11463,11463,11258,2187,2850,95703,132023,95703,132023,5142,7541,97699,136729,97699,136972,67,372,243,568,568,7/1/18,1.40326E+11,Bass Pro Shops,113,17,113,113,287,288,6,96,307,310,35,37,,,,,,,,
997,26931,146,27782,27928,27928,8725,8725,8012,6552,9690,131705,236236,310821,487844,7614,11445,132869,237992,311752,489922,68,413,322,574,574,7/2/18,1.40326E+11,Bass Pro Shops,1815,85,1815,1815,366,365,19,1730,305,307,71,88,,,195695,251608,195695,251608,,
709,18009,101,18617,18718,18718,7251,7251,6958,9916,13160,119335,258178,298638,495319,10857,14759,120600,260028,299708,497507,72,489,338,687,687,7/3/18,1.40326E+11,Bass Pro Shops,1358,59,1358,1358,251,256,36,1299,353,354,59,69,,,186787,237141,186787,237141,,
531,9657,99,10089,10188,10188,6365,6365,5838,20405,28714,112513,207538,301045,449333,21053,29804,113370,208799,301280,450845,77,444,251,625,625,7/4/18,1.40326E+11,Bass Pro Shops,935,74,935,935,406,411,,861,342,338,46,50,,,193028,241795,193028,241795,,
182,6903,79,7006,7085,7085,7973,7973,6777,17576,25140,112748,178478,292192,427295,18506,26697,114059,180137,293292,429246,54,454,292,604,604,7/5/18,1.40326E+11,Bass Pro Shops,679,49,679,679,365,374,4,630,352,346,57,61,,,192114,248817,192114,248817,,
64,2204,24,2244,2268,2268,5142,5142,4374,6688,8830,92553,158577,270854,387110,7735,10673,94032,160516,272217,389362,65,401,313,657,657,7/6/18,1.40326E+11,Bass Pro Shops,201,12,201,201,314,318,4,189,324,327,54,59,,,185600,228533,185600,228533,,
41,1016,12,1045,1057,1057,4509,4509,4003,4443,6029,91081,161268,264097,392740,5606,7617,91967,162972,264763,394683,74,389,239,526,526,7/7/18,1.40326E+11,Bass Pro Shops,119,11,119,119,324,323,4,108,349,348,34,37,,,179226,231472,179226,231472,,
58,546,12,592,604,604,6024,6024,5333,3221,4467,82371,129836,261429,356566,4332,6185,83495,131645,262004,358605,103,372,230,544,544,7/8/18,1.40326E+11,Bass Pro Shops,75,10,75,75,287,281,,65,380,376,30,32,,,184828,226730,184828,226730,,
285,4734,34,4985,5019,5019,3572,3572,3549,2674,3477,62945,90380,248885,349710,3466,4762,64158,91686,249366,351276,76,373,260,691,691,7/9/18,1.40326E+11,Bass Pro Shops,259,15,259,259,338,339,3,244,363,358,32,35,,,194738,259330,194738,259330,,
49,2827,22,2854,2876,2876,7306,7306,6123,2044,2874,95900,203918,302987,490759,2674,3952,96481,205041,303529,492204,52,434,322,602,602,7/10/18,1.40326E+11,Bass Pro Shops,153,7,153,153,302,298,7,146,393,388,78,110,,,216322,286841,216322,286841,,
303,7286,70,7519,3791,7589,5611,5611,4754,2252,2883,46871,79070,316688,428190,2908,4045,47841,80239,317402,429710,58,379,351,584,584,7/11/18,1.40326E+11,Bass Pro Shops,988,42,438,988,283,284,21,946,395,396,41,47,550,3798,272016,349120,272016,349120,,
561,9825,72,10314,1646,10386,4347,4347,3854,2285,3063,15304,24243,339206,440921,2788,3983,15774,25163,340249,442154,78,316,313,534,534,7/12/18,1.40326E+11,Bass Pro Shops,1482,47,215,1482,271,276,90,1435,402,396,16,18,1267,8740,325355,416678,325355,416678,,
,6311,55,6213,692,6268,5426,5426,4704,2366,3173,75877,123553,351960,480753,3854,5459,77778,125840,354184,483359,50,374,319,543,543,7/13/18,1.40326E+11,Bass Pro Shops,912,35,105,912,312,304,12,877,418,417,58,69,807,5576,282837,357200,282837,357200,,
236,8315,71,8480,540,8551,5461,5461,4806,2019,2816,81951,131554,379744,499291,2723,3981,82562,132838,380117,500781,77,408,206,549,549,7/14/18,1.40326E+11,Bass Pro Shops,1346,42,59,1346,263,266,37,1304,425,425,63,76,1287,8011,306297,367737,306297,367737,,
2049,35195,438,36806,25288,37244,9326,9326,7963,5073,6613,132626,250797,419178,630064,5856,7859,134224,252063,421975,631678,80,473,347,685,685,7/15/18,1.40326E+11,Bass Pro Shops,5102,272,3243,5102,302,309,,4830,451,442,94,130,1859,11956,297989,379267,297989,379268,,
194,18651,214,18631,10444,18845,6312,6312,6014,6642,9134,131812,215319,342737,519683,7324,10268,132603,216482,343193,521197,90,424,351,638,638,7/16/18,1.40326E+11,Bass Pro Shops,2840,140,1550,2840,286,293,,2700,415,418,82,91,1290,8401,214860,304364,214860,304364,,
77,1582,18,1641,1659,1659,4249,4249,4578,14720,20040,177452,412766,223812,486219,41330,57162,204546,450728,247949,524444,120,581,263,965,965,1/1/18,1.40326E+11,Bass Pro Shops,652,16,652,652,385,375,3,636,428,434,118,151,,,46676,73453,46676,73453,,
52,305,16,341,357,357,656,656,884,4891,6708,27665,56495,27665,56495,11279,14252,34513,64579,34665,64863,59,372,284,1210,1210,1/2/18,1.40326E+11,Bass Pro Shops,153,12,153,153,330,324,14,141,350,364,32,46,,,,,,,,
34,225,10,249,259,259,305,305,576,2480,3301,11409,20684,11409,20684,4806,5991,13421,23795,13545,24024,57,310,229,542,542,1/3/18,1.40326E+11,Bass Pro Shops,102,9,102,102,354,354,6,93,336,342,21,27,,,,,,,,
33,146,11,168,179,179,1182,1182,1337,1458,1940,106714,202192,106714,202192,3538,4855,108959,205954,109159,206248,100,537,294,1450,1450,1/4/18,1.40326E+11,Bass Pro Shops,67,7,67,67,360,359,11,60,347,354,54,75,,,,,,,,
932,13393,79,14246,14325,14325,4597,4597,4105,62346,84838,194882,372406,194882,372406,63044,85999,196359,374384,196359,374698,56,521,314,837,837,1/5/18,1.40326E+11,Bass Pro Shops,1401,37,1401,1401,320,323,3,1364,387,399,72,115,,,,,,,,
278,2888,84,3082,3166,3166,1715,1715,1772,29272,39768,77565,116920,77565,116920,29483,40030,78095,117767,78095,117996,71,391,229,638,638,1/6/18,1.40326E+11,Bass Pro Shops,322,49,322,322,301,305,5,273,404,414,33,42,,,,,,,,
53,157,26,184,210,210,797,797,1053,4112,5504,15736,23206,15736,23206,19601,27111,31053,45372,31160,45532,77,342,160,584,584,1/7/18,1.40326E+11,Bass Pro Shops,44,10,44,44,320,308,7,34,384,392,18,21,,,,,,,,
63,140,15,188,203,203,1506,1506,1573,4837,6094,94873,141860,94873,141860,15928,21632,107743,157909,107773,158159,47,390,250,587,587,1/8/18,1.40326E+11,Bass Pro Shops,55,9,55,55,314,317,15,46,353,360,53,55,,,,,,,,
2042,18006,197,19851,20048,20048,9933,9933,7880,94520,132750,312670,605489,312670,605489,97011,135172,314129,608893,314129,609231,39,588,338,902,902,1/9/18,1.40326E+11,Bass Pro Shops,2224,99,2224,2224,413,403,100,2125,408,418,124,151,,,,,,,,
493,6241,61,6673,6734,6734,2552,2552,2335,23129,30132,96244,147805,96244,147805,23987,31058,97284,149256,97467,149493,54,338,237,713,713,1/10/18,1.40326E+11,Bass Pro Shops,562,42,562,562,366,366,,520,359,366,40,47,,,,,,,,
118,1353,16,1455,1471,1471,580,580,759,4806,6102,17902,26703,17902,26703,12064,16179,25629,37180,25670,37381,35,300,201,684,684,1/11/18,1.40326E+11,Bass Pro Shops,159,13,159,159,328,324,1,146,320,321,8,8,,,,,,,,
213,2237,30,2420,2450,2450,1353,1353,1584,12000,15799,112521,165071,112521,165071,15645,20695,115719,170355,116048,170602,57,335,247,733,733,1/12/18,1.40326E+11,Bass Pro Shops,341,17,341,341,347,349,,324,328,338,66,80,,,,,,,,
74,844,20,898,918,918,892,892,1143,3595,4417,69482,94309,69482,94309,9319,12193,75103,102584,75274,102772,80,355,188,881,881,1/13/18,1.40326E+11,Bass Pro Shops,136,17,136,136,352,346,10,119,362,362,29,38,,,,,,,,
46,271,11,306,317,317,363,363,654,1074,1380,8944,11224,8944,11224,8008,10518,15708,20906,15783,21101,67,352,195,847,847,1/14/18,1.40326E+11,Bass Pro Shops,59,4,59,59,346,344,3,55,356,373,10,10,,,,,,,,
27,193,8,212,220,220,1483,1483,1796,1430,1884,143175,204500,143175,204500,3654,4559,144819,208112,144819,208315,56,495,203,904,904,1/15/18,1.40326E+11,Bass Pro Shops,39,6,39,39,340,342,2,33,335,327,71,74,,,,,,,,
4294,29994,1754,32534,34288,34288,4837,4837,4626,4259,6541,229267,525619,229267,525619,6029,8770,230466,528841,230569,529121,48,583,280,1038,1038,1/16/18,1.40326E+11,Bass Pro Shops,3120,452,3120,3120,372,369,,2668,354,349,146,195,,,,,,,,
798,8630,83,9345,9428,9428,1512,1512,1575,3081,5095,90310,174051,90310,174051,3854,6118,91298,175736,91466,175976,41,443,240,971,971,1/17/18,1.40326E+11,Bass Pro Shops,522,34,522,522,372,369,7,488,337,341,71,88,,,,,,,,
223,1930,66,2087,2153,2153,1350,1350,1487,2121,3268,99364,153823,99364,153823,2487,3726,100084,154942,100110,155181,42,429,239,835,835,1/18/18,1.40326E+11,Bass Pro Shops,143,22,143,143,363,360,12,121,337,352,54,59,,,,,,,,
116,1214,33,1297,1330,1330,3911,3911,3873,3867,5526,182823,277383,182823,277383,5546,7893,183876,280474,183920,280731,56,446,257,708,708,1/19/18,1.40326E+11,Bass Pro Shops,112,15,112,112,393,389,3,97,298,291,65,69,,,,,,,,
,1723,37,1684,1721,1721,2825,2825,2627,7417,9765,148731,244496,148731,244496,10405,13737,150970,249065,151029,249281,42,441,216,691,691,1/20/18,1.40326E+11,Bass Pro Shops,176,21,176,176,343,347,7,155,310,311,77,88,,,,,,,,
84,1088,18,1154,1172,1172,890,890,1126,6825,9082,41068,59044,41068,59044,8356,10993,42634,61461,42717,61665,36,353,204,567,567,1/21/18,1.40326E+11,Bass Pro Shops,172,13,172,172,336,342,9,159,334,342,25,29,,,,,,,,
13,319,15,317,332,332,404,404,672,2988,4447,13249,18130,13249,18130,3407,5199,13842,19167,13940,19394,56,288,227,480,480,1/22/18,1.40326E+11,Bass Pro Shops,53,9,53,53,279,277,2,44,315,321,14,19,,,,,,,,
1288,25038,1482,24844,26326,26326,3481,3481,3329,4157,4995,211377,402264,211377,402264,4291,5174,211665,403355,211665,403590,46,535,235,821,821,1/23/18,1.40326E+11,Bass Pro Shops,2885,367,2885,2885,350,355,70,2518,309,320,153,192,,,,,,,,
386,8665,110,8941,6100,9051,1276,1276,1396,6029,8550,83095,164941,85911,169633,6656,9424,84457,166565,87544,171498,35,440,241,728,728,1/24/18,1.40326E+11,Bass Pro Shops,3017,52,824,3017,299,298,37,2965,309,312,61,77,2193,2951,4655,4692,4655,4692,,
1092,12011,85,13018,13101,13103,1580,1580,1593,4469,6169,118943,273984,118943,273984,5543,7498,120200,276248,120678,276549,60,509,301,870,870,1/25/18,1.40326E+11,Bass Pro Shops,1119,40,1118,1119,309,316,31,1079,323,328,66,95,1,2,,,,,,
150,4816,38,4928,4966,4966,1176,1176,1343,2319,3310,86925,159263,86925,159263,3159,4557,88016,161297,88327,161588,61,488,291,783,783,1/26/18,1.40326E+11,Bass Pro Shops,332,17,332,332,360,364,18,315,314,323,51,58,,,,,,,,
99,1537,25,1611,1636,1636,1462,1462,1510,1892,2736,93200,194526,93200,194526,2542,3642,93981,196249,94095,196465,66,509,216,755,755,1/27/18,1.40326E+11,Bass Pro Shops,111,13,111,111,378,375,7,98,298,308,49,66,,,,,,,,
78,1178,17,1239,1256,1256,735,735,1000,1531,2236,61958,109194,61958,109194,2199,3106,62534,110663,62726,110887,71,409,224,646,646,1/28/18,1.40326E+11,Bass Pro Shops,95,5,95,95,352,348,3,90,333,342,31,46,,,,,,,,
795,11382,113,12064,12177,12177,2608,2608,2338,1251,1867,129281,305187,129281,305187,1746,2508,129965,306914,130052,307191,64,552,277,947,947,1/29/18,1.40326E+11,Bass Pro Shops,1139,67,1139,1139,387,379,,1072,300,307,63,83,,,,,,,,
280,29237,1699,27818,12693,29517,3014,3014,3355,5824,8844,101549,192121,154399,247330,5977,9066,101709,193096,154923,248583,48,470,273,764,764,1/30/18,1.40326E+11,Bass Pro Shops,3071,437,1466,3071,324,327,138,2634,365,370,78,93,1605,16824,55182,55209,55182,55209,,
2432,45077,471,47038,4781,47509,2115,2115,2875,6129,8644,99424,177444,203061,295234,6251,8789,99925,178395,203434,296513,35,539,328,858,858,1/31/18,1.40326E+11,Bass Pro Shops,5541,183,390,5541,393,390,253,5358,389,386,51,61,5151,42728,105944,117790,105944,117790,,
1192,31175,536,31831,10468,32367,1872,1872,2427,6827,9961,79263,149204,136210,211027,9792,16640,83316,156653,139249,218761,32,475,285,846,846,2/1/18,1.40326E+11,Bass Pro Shops,7932,237,2291,7932,473,471,297,7695,365,377,56,76,5641,21899,60263,61823,60263,61823,,
548,4694,82,5160,3700,5242,1171,1171,1398,5336,7280,80932,147536,112449,180316,6348,8928,82122,149821,113731,182920,36,438,319,685,685,2/2/18,1.40326E+11,Bass Pro Shops,939,51,845,939,403,401,35,888,312,316,55,64,94,1542,32677,32780,32677,32780,,
324,4496,67,4753,1690,4820,754,754,995,3982,5815,40501,68374,99295,129752,4391,6480,41070,69614,99922,131194,55,386,202,629,629,2/3/18,1.40326E+11,Bass Pro Shops,443,33,266,443,349,344,15,410,326,324,29,43,177,3130,59414,61378,59414,61378,,
1545,23989,124,25410,1282,25534,527,527,1347,2792,3668,13525,19546,92760,101372,4434,5820,15323,22221,94855,104257,47,344,210,559,559,2/4/18,1.40326E+11,Bass Pro Shops,7728,58,242,7728,341,350,93,7670,336,352,11,15,7486,24252,79173,81826,79173,81826,,
645,25820,1785,24680,13419,26465,2819,2819,3050,23862,34579,45726,67166,75301,99471,25058,36145,47322,69301,77481,101890,33,412,284,665,665,2/5/18,1.40326E+11,Bass Pro Shops,9275,618,4774,9275,353,349,70,8657,329,319,29,37,4501,13046,31431,32305,31431,32305,,
583,21500,2615,19468,22071,22083,8316,8316,6919,30606,43766,365826,510332,365826,510332,31969,45429,366774,512888,366818,513170,57,588,282,872,872,2/6/18,1.40326E+11,Bass Pro Shops,7033,1187,7029,7033,413,413,199,5846,335,338,208,278,4,12,,,,,,
3457,94480,2543,95394,81242,97937,12137,12137,9547,43222,70140,280990,545696,314096,585860,45274,73070,282168,549356,315054,589960,66,580,440,1046,1046,2/7/18,1.40326E+11,Bass Pro Shops,17519,1866,16394,17519,391,390,658,15653,438,438,113,150,1125,16695,39123,40164,39123,40164,,
24968,117215,2386,139797,106772,142183,11271,11271,8820,29274,45107,278446,668854,346051,748350,30146,46447,279448,670923,346666,750697,44,490,278,875,875,2/8/18,1.40326E+11,Bass Pro Shops,20726,1668,18629,20726,435,437,1157,19058,389,397,117,170,2097,35411,71862,79496,71862,79496,,
16914,72609,1236,88287,89363,89523,7485,7485,6357,17596,27041,215361,506449,215361,506449,18162,28053,215796,508053,215977,508329,65,445,276,704,704,2/9/18,1.40326E+11,Bass Pro Shops,15554,898,15546,15554,391,386,749,14656,350,361,91,127,8,160,,,,,,
18652,105303,1365,122590,123955,123955,10034,10034,8180,22435,32663,283925,555276,283925,555276,22966,33718,284551,556977,285436,557235,100,520,258,872,872,2/10/18,1.40326E+11,Bass Pro Shops,32425,1102,32425,32425,387,401,1441,31323,377,383,76,84,,,,,,,,
4295,43666,906,47055,47961,47961,5852,5852,4704,19760,31668,161886,271129,161886,271129,21327,33913,163191,274105,163217,274396,72,526,291,869,869,2/11/18,1.40326E+11,Bass Pro Shops,13797,740,13797,13797,374,369,785,13057,404,408,49,57,,,,,,,,
2339,24937,450,26826,27276,27276,5937,5937,5372,29865,40558,199372,454821,199372,454821,33479,47118,202128,462141,202340,462482,58,538,341,905,905,2/12/18,1.40326E+11,Bass Pro Shops,8258,346,8258,8258,400,397,326,7912,329,326,100,142,,,,,,,,
1372,37606,2134,36844,38978,38978,5075,5075,5061,50156,71000,186773,306051,186773,306051,51942,72889,189175,308597,189267,308952,46,494,355,785,785,2/13/18,1.40326E+11,Bass Pro Shops,9090,650,9090,9090,365,369,357,8440,387,388,94,109,,,,,,,,
521,6398,152,6767,6919,6919,1151,1151,1400,12494,16813,44047,66278,44047,66278,14284,19473,46314,69347,46461,69656,78,397,309,707,707,2/14/18,1.40326E+11,Bass Pro Shops,1252,100,1252,1252,329,330,32,1152,320,318,16,20,,,,,,,,
4544,38133,352,42325,42677,42677,3071,3071,2792,7700,10718,158635,315919,158635,315919,8646,12174,159206,317409,159206,317716,67,492,307,867,867,2/15/18,1.40326E+11,Bass Pro Shops,5987,185,5987,5987,398,396,157,5802,385,393,70,92,,,,,,,,
2393,34880,640,36633,24335,37273,6193,6193,6492,6993,10222,91052,145372,429947,562800,8355,12630,92126,147783,430454,565641,91,681,430,1093,1093,2/16/18,1.40326E+11,Bass Pro Shops,3010,179,2488,3010,397,409,56,2831,573,582,46,60,522,12938,361368,417428,361368,417428,,
10821,50896,1581,60136,46609,61717,10772,10772,10563,11214,16155,147472,318427,550225,881054,12058,17478,148856,319770,550947,882747,68,988,350,1494,1494,2/17/18,1.40326E+11,Bass Pro Shops,4768,497,4203,4768,406,408,180,4271,733,716,94,132,565,15108,422478,562627,422478,562627,,
10257,48541,475,58323,47726,58798,8438,8438,8426,10779,15726,128756,287989,561189,853033,11702,17238,130377,289523,561583,854895,83,912,328,1339,1339,2/18/18,1.40326E+11,Bass Pro Shops,5523,199,5091,5523,390,391,228,5324,809,819,62,77,432,11072,450866,565044,450866,565044,,
2074,19440,179,21335,12847,21514,7247,7247,7206,9361,13270,122518,203409,551279,731163,10452,15043,123259,205238,551279,733357,61,912,365,1260,1260,2/19/18,1.40326E+11,Bass Pro Shops,1638,55,1379,1638,344,347,69,1583,803,816,47,56,259,8667,448460,527754,448460,527754,,
2287,25187,1609,25865,18137,27474,8858,8858,8938,6544,8773,129385,237351,610614,836489,7385,10267,129702,238858,611096,838392,42,803,396,1149,1149,2/20/18,1.40326E+11,Bass Pro Shops,2506,350,2213,2506,375,378,127,2156,807,811,103,136,293,9337,499304,599138,499304,599138,,
241,12181,149,12273,5674,12422,6647,6647,7016,7027,10015,110212,201644,560447,736645,8030,11412,111642,203276,561864,738631,47,756,354,1064,1064,2/21/18,1.40326E+11,Bass Pro Shops,639,53,411,639,409,408,22,586,875,868,61,71,228,6748,457871,535001,457871,535001,,
221,5606,89,5738,1212,5827,5155,5155,5519,5441,7003,86719,137854,436433,590510,6118,8040,87276,139003,436912,592024,55,759,364,1167,1167,2/22/18,1.40326E+11,Bass Pro Shops,302,28,146,302,409,408,23,274,649,653,47,51,156,4615,368194,452656,368194,452657,,
301,6548,68,6781,631,6849,4920,4920,5519,3324,4508,22311,36115,462858,535165,3961,5640,22959,37257,463135,536628,46,561,321,868,868,2/23/18,1.40326E+11,Bass Pro Shops,300,19,86,300,363,360,17,281,656,644,20,27,214,6218,442199,499050,442199,499050,,
431,18778,112,19097,13195,19209,5633,5633,5758,4165,5642,68173,97761,479293,588206,4827,6645,68953,98764,479738,589525,111,792,315,1086,1086,2/24/18,1.40326E+11,Bass Pro Shops,1035,40,833,1035,356,358,21,995,640,643,38,44,202,6014,427153,490445,427153,490446,,
448,12324,120,12652,5913,12772,7516,7516,7949,5434,7105,129849,188882,588062,753553,6308,8323,130346,190108,588062,755150,62,807,371,1154,1154,2/25/18,1.40326E+11,Bass Pro Shops,674,52,439,674,396,395,17,622,831,837,67,84,235,6859,479650,564671,479650,564671,,
293,8112,109,8296,1537,8405,6774,6774,6858,4724,6737,108547,214739,567263,769757,5540,7992,109772,216903,569716,772310,62,747,389,1110,1110,2/26/18,1.40326E+11,Bass Pro Shops,407,38,168,407,380,389,17,369,697,713,49,61,239,6868,469037,555018,469037,555018,,
1318,29590,621,30287,1327,30908,6593,6593,7179,5847,8401,87643,147170,560703,712893,6623,9487,88624,148481,561224,714492,48,675,288,921,921,2/27/18,1.40326E+11,Bass Pro Shops,2501,312,142,2501,337,347,34,2189,700,706,49,54,2359,29581,492010,565723,492010,565723,,
731,80828,1364,80195,1064,81559,7936,7936,8751,10582,13721,60579,98055,675389,831833,11710,15060,61534,99401,676237,834303,115,1855,1123,3106,3106,2/28/18,1.40326E+11,Bass Pro Shops,6661,746,106,6661,373,363,,5915,753,780,49,59,6555,80495,626063,733778,626063,733779,,
5812,78861,1638,83035,976,84673,8368,8368,9049,5276,7065,19208,35740,651090,776244,7972,12236,22245,40912,654730,782214,83,1280,798,1940,1940,3/1/18,1.40326E+11,Bass Pro Shops,6857,859,111,6857,424,421,82,5998,693,705,21,24,6746,83697,635815,740504,635815,740504,,
1645,76833,1426,77052,861,78478,6981,6981,7550,4357,5903,9665,18817,572788,669822,5616,7593,10913,20507,573371,672187,58,1126,675,1839,1839,3/2/18,1.40326E+11,Bass Pro Shops,6000,753,92,6000,411,405,,5247,671,667,12,23,5908,77617,564322,651005,564322,651005,,
1255,84827,1087,84995,953,86082,6300,6300,7272,4032,5349,8234,16184,564482,666900,4935,6765,9027,17601,564997,668748,94,1011,431,1576,1576,3/3/18,1.40326E+11,Bass Pro Shops,6300,556,97,6300,347,339,,5744,699,682,11,15,6203,85129,556355,650716,556355,650716,,
7022,67466,1136,73352,1175,74488,6509,6509,7081,4505,6332,5790,13420,547971,635192,5468,7839,6615,14927,548590,637152,68,907,452,1433,1433,3/4/18,1.40326E+11,Bass Pro Shops,5436,550,134,5436,385,391,,4886,679,697,11,14,5302,73313,540675,621772,540675,621773,,
39,716,23,732,518,755,899,899,1162,3873,5451,66766,93497,66766,93497,4349,6267,67394,94313,67441,94695,60,580,382,1013,1013,3/5/18,1.40326E+11,Bass Pro Shops,66,11,51,66,386,382,4,55,348,356,41,50,15,237,,,,,,
616,8649,129,9136,9265,9265,1386,1386,1491,4505,6061,65122,110014,65122,110014,4946,6708,65329,110662,65351,111018,77,555,356,953,953,3/6/18,1.40326E+11,Bass Pro Shops,1069,50,1069,1069,393,393,25,1019,307,314,53,65,,,,,,,,
163,2096,31,2228,2259,2259,1698,1698,1946,10932,14324,42756,66339,81156,110184,16656,23058,47975,75073,85854,119342,72,683,424,1224,1224,3/7/18,1.40326E+11,Bass Pro Shops,145,14,145,145,387,386,6,131,356,369,36,47,,,40817,43845,40817,43845,,
151,591,31,711,742,742,3397,3397,3776,10818,15348,116149,273799,214957,406160,13075,18831,118634,277290,217452,410358,79,1081,707,1701,1701,3/8/18,1.40326E+11,Bass Pro Shops,79,19,79,79,456,452,17,60,330,343,81,102,,,109825,132361,109825,132361,,
81,392,22,451,473,473,2410,2410,2937,10674,14257,55201,101272,191062,275686,11597,15615,56054,102630,192010,277501,74,736,457,1243,1243,3/9/18,1.40326E+11,Bass Pro Shops,47,9,47,47,424,429,6,38,333,343,43,65,,,147661,174414,147661,174414,,
84,313,19,378,397,397,3261,3261,3714,8942,11654,100203,143670,233255,309914,9890,13069,100879,145085,233696,311693,50,813,364,1165,1165,3/10/18,1.40326E+11,Bass Pro Shops,51,13,51,51,423,418,11,38,378,379,38,44,,,143767,166244,143767,166244,,
80,164,36,208,244,244,2344,2344,2823,7835,10691,73784,112697,212137,285552,8410,11615,74342,113621,212515,286758,78,743,282,1189,1189,3/11/18,1.40326E+11,Bass Pro Shops,43,15,43,43,371,371,6,28,369,379,36,51,,,151853,172855,151853,172855,,
37,114,21,130,151,151,957,957,1426,21325,27554,106419,187704,106419,187704,21814,28280,106741,188430,106769,188753,87,675,323,1129,1129,3/12/18,1.40326E+11,Bass Pro Shops,32,14,32,32,433,423,9,18,469,475,50,58,,,,,,,,
1698,18494,1476,18716,20192,20192,2613,2613,2946,10590,13330,109580,214957,109580,214957,13647,18169,112305,219842,112403,220183,78,678,341,1113,1113,3/13/18,1.40326E+11,Bass Pro Shops,1993,334,1993,1993,420,426,73,1659,423,434,90,113,,,,,,,,
926,6046,63,6909,6972,6972,698,698,1041,3439,4723,41309,76563,41309,76563,4196,5872,42477,77717,42573,78053,96,516,336,872,872,3/14/18,1.40326E+11,Bass Pro Shops,384,26,384,384,440,429,16,358,423,404,33,46,,,,,,,,
152,1969,29,2092,2121,2121,457,457,870,2398,3316,27305,44846,54531,72601,3113,4394,27919,45924,55253,74015,66,565,336,922,922,3/15/18,1.40326E+11,Bass Pro Shops,111,17,111,111,471,467,5,94,466,462,21,31,,,28284,27755,28284,27755,,
17841,41655,2182,57314,59496,59496,6011,6011,5459,27563,42662,158368,373621,158368,373627,28354,43681,159059,374646,159108,375021,88,797,369,1319,1319,3/16/18,1.40326E+11,Bass Pro Shops,5970,741,5970,5970,786,798,444,5229,407,413,107,175,,,6,6,6,6,,
19653,42675,2171,60157,62328,62328,5959,5959,5507,33387,49474,168354,435832,183030,451084,33886,50541,168795,436954,183551,452636,267,988,430,1636,1636,3/17/18,1.40326E+11,Bass Pro Shops,5376,531,5376,5376,481,482,835,4845,478,489,130,195,,,15040,15252,15040,15252,,
13944,37937,1908,49973,51881,51881,6279,6279,5969,42918,57058,185200,542771,185200,542771,43476,57936,185800,543682,185800,544248,181,1095,566,1857,1857,3/18/18,1.40326E+11,Bass Pro Shops,4510,550,4510,4510,465,470,478,3960,440,447,193,296,,,,,,,,
3799,9113,167,12745,12912,12912,5578,5578,5383,36472,46914,157237,400057,238361,516073,37047,47753,157814,400896,239023,517356,74,929,444,1588,1588,3/19/18,1.40326E+11,Bass Pro Shops,1196,120,1196,1196,428,424,188,1076,478,488,104,165,,,98647,116016,98647,116016,,
1657,10030,169,11518,11687,11687,4255,4255,4704,31282,42693,135601,259381,221898,369584,32939,46199,136758,262896,223390,373494,64,801,395,1258,1258,3/20/18,1.40326E+11,Bass Pro Shops,1083,78,1083,1083,429,438,32,1005,551,560,66,78,,,100178,110203,100178,110203,,
900,5532,59,6373,6432,6432,3203,3203,3672,23789,32156,62625,109538,163556,233965,25983,35633,64306,113021,165511,237748,71,738,300,1236,1236,3/21/18,1.40326E+11,Bass Pro Shops,490,35,490,490,406,406,27,455,547,529,40,57,,,107092,124427,107092,124427,,
370,3607,26,3951,3977,3977,2219,2219,2929,15976,21455,32316,54400,119968,158154,17313,23261,33693,56206,120862,160263,56,667,303,1115,1115,3/22/18,1.40326E+11,Bass Pro Shops,315,8,315,315,440,433,3,307,471,472,24,28,,,90249,103754,90249,103754,,
427,8765,100,9092,9192,9192,3771,3771,3893,14109,20074,118547,251986,193194,353736,17299,25043,121103,257545,195577,359657,89,942,362,1544,1544,3/23/18,1.40326E+11,Bass Pro Shops,650,42,650,650,402,396,,608,468,459,76,121,,,86906,101750,86906,101750,,
628,6340,81,6887,6968,6968,2917,2917,3412,15618,21837,59373,101959,151807,207075,16996,24312,60805,104670,153135,210118,102,1159,332,1758,1758,3/24/18,1.40326E+11,Bass Pro Shops,478,34,478,478,392,389,2,444,587,570,28,33,,,92862,105116,92862,105116,,
2441,32093,228,34306,34534,34534,14111,14111,12374,22159,30472,230304,407947,319672,523656,24134,34220,232623,411767,321948,527950,141,1575,474,2211,2211,3/25/18,1.40326E+11,Bass Pro Shops,6005,137,6005,6005,425,432,4,5868,557,555,103,131,,,103489,115709,103489,115709,,
390,7778,89,8079,8168,8168,24986,24986,21823,28898,37634,179575,282590,597123,820169,31690,42379,180883,287382,599986,825345,86,1331,384,1769,1769,3/26/18,1.40326E+11,Bass Pro Shops,1408,57,1408,1408,378,380,55,1351,1054,1034,83,96,,,432548,537579,432548,537579,,
68,2667,30,2705,2735,2735,14863,14863,13705,30619,41381,144235,276999,608441,865486,32894,45492,146643,281290,609579,870140,64,1157,363,1512,1512,3/27/18,1.40326E+11,Bass Pro Shops,455,22,455,455,420,420,9,433,915,931,78,97,,,474941,588487,474941,588487,,
46,1541,27,1560,1587,1587,14073,14073,12827,30513,41290,137470,269863,772935,1001789,37529,51656,144278,280543,779932,1013489,76,1247,1009,2272,2272,3/28/18,1.40326E+11,Bass Pro Shops,284,19,284,284,400,402,1,265,1078,1088,76,88,,,624132,731926,624132,731937,,
100,338,33,405,438,438,10460,10460,10949,27850,37008,108480,188252,775705,996106,33427,44994,113943,196445,782518,1004708,105,1202,408,1606,1606,3/29/18,1.40326E+11,Bass Pro Shops,83,18,83,83,419,430,6,65,932,940,59,78,,,673864,807854,673864,807855,,
56,210,15,251,266,266,7067,7067,7545,18959,25251,101090,213807,532596,745576,20463,27534,103955,216916,535845,749005,96,1362,320,1835,1835,3/30/18,1.40326E+11,Bass Pro Shops,26,5,26,26,383,390,1,21,707,722,71,92,,,439040,531769,439040,531769,,
65,210,10,265,275,275,6701,6701,7382,14889,20109,106246,205850,564071,776501,16237,22225,107600,208256,564791,779210,87,1396,303,1786,1786,3/31/18,1.40326E+11,Bass Pro Shops,29,6,29,29,360,371,2,23,783,774,53,62,,,465118,570651,465118,570651,,
38,144,12,170,182,182,2830,2830,2689,8814,11680,126801,222082,179067,282547,16923,25081,134013,235535,186331,296360,166,896,363,1340,1340,4/1/18,1.40326E+11,Bass Pro Shops,27,8,27,27,355,353,2,19,413,416,70,92,,,55140,60465,55140,60465,,
568,9108,75,9601,9676,9676,4081,4081,3319,8378,11771,152092,390471,197293,442599,12793,18283,157481,397292,201591,449743,73,657,323,1075,1075,4/2/18,1.40326E+11,Bass Pro Shops,666,33,666,666,377,382,15,633,303,303,99,154,,,47650,52128,47650,52128,,
2626,20933,1326,22233,23559,23559,5146,5146,4957,8652,12023,132507,288881,227715,404930,9824,13694,133433,290623,228000,407050,64,600,378,914,914,4/3/18,1.40326E+11,Bass Pro Shops,2693,368,2693,2693,444,462,141,2325,343,343,75,92,,,94599,116049,94599,116049,,
492,9559,79,9972,10051,10051,3124,3124,2967,5475,7614,72133,121236,223727,295238,7996,12092,74963,125732,225644,300085,87,617,351,960,960,4/4/18,1.40326E+11,Bass Pro Shops,883,49,883,883,430,431,26,834,372,375,53,66,,,147432,174002,147432,174002,,
167,2726,23,2870,2893,2893,4792,4792,4684,12643,17016,112825,219597,316097,464939,15530,21993,115589,224595,318184,470339,77,634,402,1007,1007,4/5/18,1.40326E+11,Bass Pro Shops,212,16,212,212,445,445,10,196,369,383,62,81,,,204554,245342,204554,245342,,
70,1362,22,1410,1432,1432,3895,3895,3948,15573,21371,94202,155300,632335,737939,17552,24235,95940,158234,634083,741246,79,657,373,971,971,4/6/18,1.40326E+11,Bass Pro Shops,104,12,104,104,362,364,4,92,377,385,54,66,,,531302,582639,531302,582639,,
30,593,27,596,623,623,3210,3210,3624,11091,15517,109544,228927,374497,543232,12379,17664,110541,231106,376087,545764,107,747,353,1105,1105,4/7/18,1.40326E+11,Bass Pro Shops,85,15,85,85,430,429,19,70,431,429,50,55,,,267392,314305,267392,314305,,
67,861,23,905,928,928,4325,4325,3968,5461,7659,132445,318906,182493,377251,6731,9836,133761,321274,183475,379976,82,603,357,996,996,4/8/18,1.40326E+11,Bass Pro Shops,92,12,92,92,424,426,3,80,313,315,51,74,,,48381,58345,48381,58345,,
20325,44126,2601,61850,64451,64451,8230,8230,6844,7053,10299,126192,318746,169319,370979,10432,17352,128619,325803,171296,378508,91,660,472,1056,1056,4/9/18,1.40326E+11,Bass Pro Shops,7220,690,7220,7220,419,431,544,6530,319,321,126,210,,,43035,52233,43035,52233,,
26549,101585,6009,122125,128134,128134,18919,18919,14625,30959,42362,225561,397643,268129,451027,32856,45573,227433,400855,270211,454582,64,658,343,959,959,4/10/18,1.40326E+11,Bass Pro Shops,59837,4216,59837,59837,486,485,1853,55621,327,317,126,148,,,41861,53384,41861,53384,,
8318,71144,4354,75108,79462,79462,14298,14298,11341,45533,62643,162962,270274,211347,329454,47160,65281,164250,272912,212902,332455,97,596,363,918,918,4/11/18,1.40326E+11,Bass Pro Shops,39227,3316,39227,39227,495,489,1339,35911,287,290,106,139,,,47976,59180,47976,59180,,
2541,23873,1361,25053,26414,26414,5436,5436,4251,21497,28302,66932,115289,120246,180062,26639,36805,71332,123792,125215,188977,48,576,412,879,879,4/12/18,1.40326E+11,Bass Pro Shops,12805,1213,12805,12805,406,400,,11592,294,298,63,122,,,53915,64773,53915,64773,,
990,13255,919,13326,14245,14245,4266,4266,3660,13051,17085,40501,62011,136970,197421,16677,24025,43796,68951,140658,204730,93,473,369,800,800,4/13/18,1.40326E+11,Bass Pro Shops,7676,813,7676,7676,374,372,,6863,310,319,34,46,,,99729,135410,99729,135410,,
305,5486,372,5419,5791,5791,3740,3740,3696,11350,15069,34993,53289,179203,247778,16643,24233,39748,62453,182899,257283,82,613,341,926,926,4/14/18,1.40326E+11,Bass Pro Shops,2893,333,2893,2893,323,322,,2560,392,385,30,37,,,143693,194489,143693,194489,,
224,1823,173,1874,2047,2047,2726,2726,2707,6080,7888,19582,33189,168527,271587,10144,14921,24127,40323,172246,279055,98,645,334,1007,1007,4/15/18,1.40326E+11,Bass Pro Shops,950,125,950,950,354,350,35,825,343,343,28,46,,,148909,238398,148909,238398,,
252,2859,433,2678,3111,3111,4356,4356,4451,10762,15684,22037,40447,249945,397874,13155,19643,24237,44682,251656,402390,76,559,281,818,818,4/16/18,1.40326E+11,Bass Pro Shops,1669,295,1669,1669,319,314,35,1374,380,379,15,20,,,228180,357427,228180,357427,,
3037,47716,6063,44690,39828,50753,14970,14970,13124,76153,103611,114816,186684,309435,443155,77774,108290,116438,191520,310887,448537,198,806,546,1259,1259,4/17/18,1.40326E+11,Bass Pro Shops,10927,2047,9909,10927,422,420,683,8880,392,392,125,145,1018,10925,200682,256471,200682,256471,,
687,9433,789,9331,10071,10120,5666,5666,5378,36616,46236,52529,79686,240203,324020,39636,51150,55639,84604,242860,329311,109,600,373,889,889,4/18/18,1.40326E+11,Bass Pro Shops,4177,591,4173,4177,473,482,65,3586,366,363,36,47,4,49,193553,244334,193553,244334,,
442,6201,401,6242,6643,6643,4604,4604,4408,23051,30024,32995,48154,234174,323805,27772,37144,38058,55276,239019,331283,77,445,356,750,750,4/19/18,1.40326E+11,Bass Pro Shops,2934,318,2934,2934,466,456,22,2616,369,383,23,26,,,201978,275651,201978,275651,,
836,4173,179,4830,5009,5009,4058,4058,3795,13008,17803,69020,111443,269278,386864,17824,24954,73825,118661,274926,394394,89,518,312,811,811,4/20/18,1.40326E+11,Bass Pro Shops,911,113,911,911,464,466,42,798,324,322,17,27,,,199734,275421,199734,275421,,
592,3510,123,3979,4102,4102,6977,6977,5982,8705,11425,131147,358110,358070,687723,12783,17749,136614,364632,362763,694481,89,553,236,832,832,4/21/18,1.40326E+11,Bass Pro Shops,692,86,692,692,572,568,31,606,385,384,57,81,,,229268,329613,229268,329613,,
1639,25178,1326,25491,26817,26817,12756,12756,10698,6036,7982,172284,407794,409659,797557,11203,17253,175945,417116,412689,807262,95,692,383,1095,1095,4/22/18,1.40326E+11,Bass Pro Shops,6478,813,6478,6478,512,522,124,5665,379,383,84,126,,,251277,389763,251277,389763,,
754,10856,602,11008,11610,11610,7027,7027,6366,5164,6510,107826,200402,336762,553915,11457,18100,114155,212106,342239,566090,78,686,471,1073,1073,4/23/18,1.40326E+11,Bass Pro Shops,3025,390,3025,3025,516,509,19,2635,377,376,49,70,,,233856,353513,233856,353513,,
9443,48238,2850,54831,57681,57681,10363,10363,9097,8999,12521,163607,369985,370144,711753,12418,18043,166180,375637,372012,717803,106,572,398,946,946,4/24/18,1.40326E+11,Bass Pro Shops,7261,902,7261,7261,531,515,467,6359,363,366,136,190,,,212770,341768,212770,341768,,
1368,7852,352,8868,9220,9220,9661,9661,8964,5038,6585,52477,107262,336139,529660,7128,10331,54608,111010,338374,533810,79,469,402,782,782,4/25/18,1.40326E+11,Bass Pro Shops,1031,199,1031,1031,464,473,,832,490,476,48,53,,,290492,422398,290492,422398,,
269,2077,94,2252,2346,2346,9289,9289,9075,4291,5836,57283,92198,321533,433066,6127,9092,58657,95484,322853,436752,60,511,400,801,801,4/26/18,1.40326E+11,Bass Pro Shops,301,61,301,301,551,550,16,240,438,436,36,45,,,260078,340868,260078,340868,,
59,967,53,973,1026,1026,3617,3617,3510,3279,5650,35930,54819,219209,311192,4227,7317,36618,56650,219388,313308,81,404,285,611,611,4/27/18,1.40326E+11,Bass Pro Shops,116,29,116,116,507,500,7,87,315,314,25,30,,,179294,256373,179294,256373,,
117,414,24,507,531,531,3355,3355,3274,2753,5717,36606,54655,206896,318752,6287,11572,39719,60578,209132,324884,108,409,209,630,630,4/28/18,1.40326E+11,Bass Pro Shops,73,12,73,73,446,440,3,61,264,273,23,55,,,170665,264097,170665,264097,,
67,218,28,257,285,285,3916,3916,4307,4924,8031,127056,301770,285738,556015,6466,10437,130101,304959,288279,559470,42,547,266,775,775,4/29/18,1.40326E+11,Bass Pro Shops,60,16,60,60,439,423,9,44,291,286,57,91,,,162807,254245,162807,254245,,
82,212,25,269,294,294,2479,2479,2616,5668,8663,93065,214584,132646,273297,19079,29260,105766,235496,145234,294560,58,502,351,723,723,4/30/18,1.40326E+11,Bass Pro Shops,65,14,65,65,385,399,9,51,287,281,58,77,,,43500,58713,43500,58713,,